Area,Region,City,Zone,AgentId,AgentName,CusId,CusName,BuyerPhone,ReceiverPhone,FinancePhone,CH,SubChannel,F,StartWeeks,Days,Latitude,Longitude,VAT,CR,BL,createdDate,TotalDeliveredOrders,PaymentType,CreditDays,CreditLimit,Status,Validation,CreationType,CheckIn,CRExpiryDate,BLExpiryDate,StreetName,DistrictName,AdditionalNum,ZipCode,BuildingNumber,DC,AssignmentType,Geocode Quality,Full Corrected Address
,,,DAM001,,,CS017732,بخيت الصيعري,,,,,,,1,SUN,26.39562,50.04343,"311,378,264,700,003","2,050,074,929",,2025-02-24,0,,0,500.0000000,ACTIVE,Missing Documents,Potential,Required,,,,,,,,,Zone,,
,,,DAM001,,,CS017782,مركز شفا عبدرب الرسول آل سنان للتسويق,,,,,,,1,WED,26.39595,50.01862,"300,625,863,400,003","2,050,693,548",,2025-02-24,0,,0,500.0000000,ACTIVE,Missing Documents,Potential,Required,,,,,,,,,Zone,,
,,,DAM001,,,CS017794,مؤسسة حمدان حمود العتيبي التجارية,,,,,,,1,TUE,26.40249,50.02807,"310,288,667,100,003","7,003,215,945",,2025-02-24,0,,0,500.0000000,ACTIVE,Missing Documents,Potential,Required,,,,,,,,,Zone,,
,,,DAM001,,,CS017795,مؤسسة حنين الشرقية التجارية  1,,,,,,,1,MON,26.40241,50.03561,"300,802,093,100,003","7,023,943,543",,2025-02-24,0,,0,500.0000000,ACTIVE,Missing Documents,Potential,Required,,,,,,,,,Zone,,
,,,DAM001,,,CS017798,تموينات الجزيرة,,,,,,,1,SAT,26.42056,50.04812,"310,272,392,500,003","7,033,235,269",,2025-02-24,0,,0,500.0000000,ACTIVE,Missing Documents,Potential,Required,,,,,,,,,Zone,,
,,,DAM001,,,CS017799,شركه اضواء سهيل للمواد الغذائيه,,,,,,,2,MON,26.42142,50.02446,"311,309,544,800,003","2,050,056,375",,2025-02-24,0,,0,500.0000000,ACTIVE,Missing Documents,Potential,Required,,,,,,,,,Zone,,
,,,DAM001,,,CS017800,تموينات بدر,,,,,,,1,MON,26.39600,50.03795,"301,040,164,200,003","7,032,165,498",,2025-02-24,0,,0,500.0000000,ACTIVE,Missing Documents,Potential,Required,,,,,,,,,Zone,,
,,,DAM001,,,CS017801,مؤسسة عبير سعيد عبدالله الصيعري للمواد الغذائية,,,,,,,1,SAT,26.40724,50.05891,"310,361,292,700,003","7,033,214,569",,2025-02-24,0,,0,500.0000000,ACTIVE,Missing Documents,Potential,Required,,,,,,,,,Zone,,
,,,DAM001,,,CS017802,شركة نجوم الراحه للتسويق,,,,,,,1,SUN,26.40051,50.04065,"310,148,078,600,003","7,006,541,239",,2025-02-24,0,,0,500.0000000,ACTIVE,Missing Documents,Potential,Required,,,,,,,,,Zone,,
,,,DAM001,,,CS017803,نور الزاد 2,,,,,,,1,SUN,26.41189,50.03305,"310,288,839,200,003","7,002,354,465",,2025-02-24,0,,0,500.0000000,ACTIVE,Missing Documents,Potential,Required,,,,,,,,,Zone,,
,,,DAM001,,,CS017804,تموينات قيم البركة للمواد الغذائيه,,,,,,,2,MON,26.42091,50.02666,"310,347,925,800,003","7,032,541,684",,2025-02-24,0,,0,500.0000000,ACTIVE,Missing Documents,Potential,Required,,,,,,,,,Zone,,
,,,DAM001,,,CS017805,تموينات افراح سالم بن سعيد المنهالي للمواد الغذائي,,,,,,,1,TUE,26.41230,50.01782,"311,075,722,100,003","7,089,624,465",,2025-02-24,0,,0,500.0000000,ACTIVE,Missing Documents,Potential,Required,,,,,,,,,Zone,,
,,,DAM001,,,CS017806,مركزعبدالله ابوطافش للتسويق,,,,,,,1,TUE,26.41193,50.01676,"300,406,242,800,003","7,065,412,380",,2025-02-24,0,,0,500.0000000,ACTIVE,Missing Documents,Potential,Required,,,,,,,,,Zone,,
,,,DAM001,,,CS017830,تموينات الملكي,,,,,,,2,SAT,26.43689,50.03017,"301,250,208,800,003","2,050,239,096",,2025-02-24,0,,0,500.0000000,ACTIVE,Missing Documents,Potential,Required,,,,,,,,,Zone,,
,,,DAM001,,,CS017831,تموينات النمر,,,,,,,2,SAT,26.43921,50.04144,"311,527,008,500,003","2,053,012,715",,2025-02-24,0,,0,500.0000000,ACTIVE,Missing Documents,Potential,Required,,,,,,,,,Zone,,
,,,DAM001,,,CS017841,تموينات البندري,,,,,,,2,THU,26.42153,50.00232,"312,065,051,600,003","2,050,161,222",,2025-02-24,0,,0,500.0000000,ACTIVE,Missing Documents,Potential,Required,,,,,,,,,Zone,,
,,,DAM001,,,CS017842,محامص دله وبهارات للقهوة,,,,,,,1,WED,26.41113,50.00483,"311,140,887,200,003","2,050,152,950",,2025-02-24,0,,0,500.0000000,ACTIVE,Missing Documents,Potential,Required,,,,,,,,,Zone,,
,,,DAM001,,,CS017891,عبدالعزيز الزاهر,,,,,,,2,TUE,26.42174,50.01206,"310,349,825,400,003","2,050,131,219",,2025-02-24,0,,0,500.0000000,ACTIVE,Missing Documents,Potential,Required,,,,,,,,,Zone,,
,,,DAM001,,,CS017911,تموينات عبدالله,,,,,,,2,TUE,26.43211,50.00362,"310,326,084,400,003","2,050,136,918",,2025-02-24,0,,0,500.0000000,ACTIVE,Missing Documents,Potential,Required,,,,,,,,,Zone,,
,,,DAM001,,,CS017912,محامص الفجر للمكسرات,,,,,,,2,THU,26.42351,50.00070,"300,601,572,900,003","2,251,100,553",,2025-02-24,0,,0,500.0000000,ACTIVE,Missing Documents,Potential,Required,,,,,,,,,Zone,,
,,,DAM001,,,CS017922,شركه زارا اخليجيه للتجاره 1,,,,,,,2,MON,26.42655,50.02306,"311,321,149,800,003","2,050,115,625",,2025-02-24,0,,0,500.0000000,ACTIVE,Missing Documents,Potential,Required,,,,,,,,,Zone,,
,,,DAM001,,,CS017950,تموينات حي النور,,,,,,,2,MON,26.42244,50.02156,"300,213,654,700,003","2,050,387,412",,2025-02-24,0,,0,500.0000000,ACTIVE,Missing Documents,Potential,Required,,,,,,,,,Zone,,
,,,DAM001,,,CS017980,سلات القافلة للتسوق,,,,,,,1,THU,26.41111,49.98922,"310,852,654,100,003","440,110,287,160",,2025-02-24,0,,0,500.0000000,ACTIVE,Missing Documents,Potential,Required,,,,,,,,,Zone,,
,,,DAM001,,,CS017996,بقالة بدر,,,,,,,1,TUE,26.40603,50.02637,"300,213,654,600,003","2,050,741,258",,2025-02-24,0,,0,500.0000000,ACTIVE,Missing Documents,Potential,Required,,,,,,,,,Zone,,
,,,DAM001,,,CS018067,سنابل الشرق للتسوق  1,,,,,,,1,SUN,26.40230,50.03956,"300,713,776,200,003","2,050,029,786",,2025-02-24,0,,0,500.0000000,ACTIVE,Missing Documents,Potential,Required,,,,,,,,,Zone,,
,,,DAM001,,,CS018136,تموينات صفوة الخير,,,,,,,1,WED,26.40701,50.01446,"302,154,617,300,003","2,050,963,258",,2025-02-24,0,,0,500.0000000,ACTIVE,Missing Documents,Potential,Required,,,,,,,,,Zone,,
,,,DAM001,,,CS018137,عبد الله الخالدى,,,,,,,2,SUN,26.46047,50.00802,"300,826,963,200,003","2,051,023,092",,2025-02-24,0,,0,500.0000000,ACTIVE,Missing Documents,Potential,Required,,,,,,,,,Zone,,
,,,DAM001,,,CS018163,مؤسسة بدر البدر للتجارة,,,,,,,2,SUN,26.46724,50.01826,"300,054,591,600,003","7,002,163,256",,2025-02-24,0,,0,500.0000000,ACTIVE,Missing Documents,Potential,Required,,,,,,,,,Zone,,
,,,DAM001,,,CS018209,مركز سمير للتسوق,,,,,,,1,TUE,26.39321,50.03302,"311,385,654,600,003","2,050,111,874",,2025-02-24,0,,0,500.0000000,ACTIVE,Missing Documents,Potential,Required,,,,,,,,,Zone,,
,,,DAM001,,,CS018210,الذهبي للمواد الغذائية,,,,,,,2,SAT,26.42791,50.03787,"310,354,882,100,003","2,050,119,963",,2025-02-24,0,,0,500.0000000,ACTIVE,Missing Documents,Potential,Required,,,,,,,,,Zone,,
,,,DAM001,,,CS018228,تموينات سنابل لمى,,,,,,,1,SAT,26.41420,50.04008,"302,125,123,200,003","2,050,208,802",,2025-02-24,0,,0,500.0000000,ACTIVE,Missing Documents,Potential,Required,,,,,,,,,Zone,,
,,,DAM001,,,CS018231,تموينات فهد للمواد الغذائية,,,,,,,2,WED,26.43254,49.98701,"310,326,084,400,003","2,050,136,918",,2025-02-24,0,,0,500.0000000,ACTIVE,Missing Documents,Potential,Required,,,,,,,,,Zone,,
,,,DAM001,,,CS018232,مركز هيال للتسويق,,,,,,,1,SUN,26.41067,50.03367,"310,962,502,300,003","2,050,987,456",,2025-02-24,0,,0,500.0000000,ACTIVE,Missing Documents,Potential,Required,,,,,,,,,Zone,,
,,,DAM001,,,CS018233,موسسة وفاء الجمعة للتجارة,,,,,,,1,MON,26.39482,50.03595,"300,826,963,200,003","2,051,023,092",,2025-02-24,0,,0,500.0000000,ACTIVE,Missing Documents,Potential,Required,,,,,,,,,Zone,,
,,,DAM001,,,CS018234,بقالة قوافل البركة للتسويق,,,,,,,1,TUE,26.39389,50.02690,"310,166,862,800,003","2,050,144,984",,2025-02-24,0,,0,500.0000000,ACTIVE,Missing Documents,Potential,Required,,,,,,,,,Zone,,
,,,DAM001,,,CS018251,تموينات جوهرة الضباب,,,,,,,1,SAT,26.41686,50.06007,"302,205,119,900,003","1,010,540,591",,2025-02-24,0,,0,500.0000000,ACTIVE,Missing Documents,Potential,Required,,,,,,,,,Zone,,
,,,DAM001,,,CS018309,مؤسسة مبارك النهدى لتجارة الجملة,,,,,,,1,THU,26.41161,49.99098,"302,281,414,200,003","2,050,421,365",,2025-02-24,0,,0,500.0000000,ACTIVE,Missing Documents,Potential,Required,,,,,,,,,Zone,,
,,,DAM001,,,CS018310,تموينات ثمار الغافه للتجاره,,,,,,,2,MON,26.42063,50.02598,"310,375,455,100,003","2,050,156,780",,2025-02-24,0,,0,500.0000000,ACTIVE,Missing Documents,Potential,Required,,,,,,,,,Zone,,
,,,DAM001,,,CS018313,تموينات ريوف,,,,,,,1,TUE,26.41483,50.02269,"311,195,824,100,003","2,050,692,583",,2025-02-24,0,,0,500.0000000,ACTIVE,Missing Documents,Potential,Required,,,,,,,,,Zone,,
,,,DAM001,,,CS018317,شركة اسواق ضاحية الاسرة للمواد الغذائية,,,,,,,2,MON,26.42384,50.02511,"311,459,855,100,003","2,050,135,066",,2025-02-24,0,,0,500.0000000,ACTIVE,Missing Documents,Potential,Required,,,,,,,,,Zone,,
,,,DAM001,,,CS018383,تموينات عبير حسين,,,,,,,1,THU,26.38061,49.97159,"300,049,769,100,003","2,050,479,120",,2025-02-24,0,,0,500.0000000,ACTIVE,Missing Documents,Potential,Required,,,,,,,,,Zone,,
,,,DAM001,,,CS018387,مؤسسة قف وناظر,,,,,,,1,TUE,26.41372,50.02005,"300,781,273,800,003","2,050,082,331",,2025-02-24,0,,0,500.0000000,ACTIVE,Missing Documents,Potential,Required,,,,,,,,,Zone,,
,,,DAM001,,,CS018390,نجمة الضاحية,,,,,,,2,TUE,26.43027,50.00354,"310,213,645,200,003","7,008,521,365",,2025-02-24,0,,0,500.0000000,ACTIVE,Missing Documents,Potential,Required,,,,,,,,,Zone,,
,,,DAM001,,,CS018394,متاجر و مخابز المملكة,,,,,,,2,THU,26.42021,50.00361,"311,485,221,100,003","2,050,165,073",,2025-02-24,0,,0,500.0000000,ACTIVE,Missing Documents,Potential,Required,,,,,,,,,Zone,,
,,,DAM001,,,CS018409,شركه بسمى للتجاره 1,,,,,,,2,MON,26.42776,50.02347,"311,326,472,700,003","2,050,133,084",,2025-02-24,0,,0,500.0000000,ACTIVE,Missing Documents,Potential,Required,,,,,,,,,Zone,,
,,,DAM001,,,CS018469,شركة متاجر الخليج للتجارة,,,,,,,1,WED,26.41237,49.99716,"311,106,204,100,003","41,123,645,025",,2025-02-24,0,,0,500.0000000,ACTIVE,Missing Documents,Potential,Required,,,,,,,,,Zone,,
,,,DAM001,,,CS018486,اسواق طلة الخيرات للمواد الغذائية,,,,,,,1,THU,26.38798,49.96658,"301,126,276,400,003","2,050,155,525",,2025-02-24,0,,0,500.0000000,ACTIVE,Missing Documents,Potential,Required,,,,,,,,,Zone,,
,,,DAM001,,,CS018490,تموينات ليالي البحر للمواد الغذائية,,,,,,,2,SAT,26.43430,50.04501,"310,785,598,800,003","2,053,117,426",,2025-02-24,0,,0,500.0000000,ACTIVE,Missing Documents,Potential,Required,,,,,,,,,Zone,,
,,,DAM001,,,CS018494,تموينات ربوع ضاوى للمواد الغذائية,,,,,,,2,WED,26.43687,49.97674,"310,350,532,500,003","42,085,440,851",,2025-02-24,0,,0,500.0000000,ACTIVE,Missing Documents,Potential,Required,,,,,,,,,Zone,,
,,,DAM001,,,CS018499,اسواق شهد الشرق للمواد الغذائية  1,,,,,,,2,WED,26.43839,49.98304,"310,456,764,200,003","2,505,139,213",,2025-02-24,0,,0,500.0000000,ACTIVE,Missing Documents,Potential,Required,,,,,,,,,Zone,,
,,,DAM001,,,CS018516,تموينات هنا الحلم للمواد الغذائية,,,,,,,2,MON,26.42155,50.02415,"311,260,256,200,003","2,050,137,795",,2025-02-24,0,,0,500.0000000,ACTIVE,Missing Documents,Potential,Required,,,,,,,,,Zone,,
,,,DAM001,,,CS018529,تموينات اوسط الشرق للمواد الغذائيه,,,,,,,1,THU,26.38524,49.96353,"310,718,730,600,003","2,050,137,583",,2025-02-24,0,,0,500.0000000,ACTIVE,Missing Documents,Potential,Required,,,,,,,,,Zone,,
,,,DAM001,,,CS018541,تموينات شروق الخير للمواد الغذائية,,,,,,,2,THU,26.42382,49.99841,"310,932,118,800,003","2,050,145,152",,2025-02-24,0,,0,500.0000000,ACTIVE,Missing Documents,Potential,Required,,,,,,,,,Zone,,
,,,DAM001,,,CS018542,مؤسسه ربيع الخيرات  1,,,,,,,2,TUE,26.44167,50.00181,"310,181,248,200,003","2,050,159,946",,2025-02-24,0,,0,500.0000000,ACTIVE,Missing Documents,Potential,Required,,,,,,,,,Zone,,
,,,DAM001,,,CS018548,تموينات قمة رأس الخير للمواد الغذائية 2,,,,,,,1,TUE,26.40279,50.02364,"311,579,100,800,003","2,050,130,444",,2025-02-24,0,,0,500.0000000,ACTIVE,Missing Documents,Potential,Required,,,,,,,,,Zone,,
,,,DAM001,,,CS018549,تموينات قمة رأس الخير للمواد الغذائية 3,,,,,,,1,WED,26.41025,50.01383,"311,579,100,800,003","2,050,134,447",,2025-02-24,0,,0,500.0000000,ACTIVE,Missing Documents,Potential,Required,,,,,,,,,Zone,,
,,,DAM001,,,CS018557,اسواق سحب الشرق التجارية,,,,,,,2,THU,26.42312,49.99752,"300,798,969,200,003","2,050,136,921",,2025-02-24,0,,0,500.0000000,ACTIVE,Missing Documents,Potential,Required,,,,,,,,,Zone,,
,,,DAM001,,,CS018558,تموينات شروق الخير للمواد الغذائية,,,,,,,1,WED,26.40923,50.00382,"310,932,118,800,003","2,050,145,152",,2025-02-24,0,,0,500.0000000,ACTIVE,Missing Documents,Potential,Required,,,,,,,,,Zone,,
,,,DAM001,,,CS018559,بقالة نها الزهدانى,,,,,,,2,THU,26.42430,49.98653,"311,067,656,100,003","2,050,150,162",,2025-02-24,0,,0,500.0000000,ACTIVE,Missing Documents,Potential,Required,,,,,,,,,Zone,,
,,,DAM001,,,CS018564,تموينات شروق الخير للمواد الغذائية,,,,,,,2,THU,26.42311,49.99751,"310,932,118,800,003","2,050,145,152",,2025-02-24,0,,0,500.0000000,ACTIVE,Missing Documents,Potential,Required,,,,,,,,,Zone,,
,,,DAM001,,,CS018565,تموينات روابي الشرقية للمواد الغذائية,,,,,,,2,THU,26.41849,49.98957,"310,997,296,300,003","2,050,147,493",,2025-02-24,0,,0,500.0000000,ACTIVE,Missing Documents,Potential,Required,,,,,,,,,Zone,,
,,,DAM001,,,CS018566,تموينات عبدالله يحيى محمد معشي للمواد الغذائية,,,,,,,2,WED,26.42788,49.97930,"310,376,956,100,003","2,050,126,174",,2025-02-24,0,,0,500.0000000,ACTIVE,Missing Documents,Potential,Required,,,,,,,,,Zone,,
,,,DAM001,,,CS018570,تموينات عمر جعفر سالم الصيعري للمواد الغذائية,,,,,,,1,THU,26.39324,49.99366,"310,326,084,400,003","2,050,136,918",,2025-02-24,0,,0,500.0000000,ACTIVE,Missing Documents,Potential,Required,,,,,,,,,Zone,,
,,,DAM001,,,CS018572,شركه بندرى الخليج التجاريه,,,,,,,1,MON,26.41137,50.02598,"311,205,264,900,003","2,050,124,394",,2025-02-24,0,,0,500.0000000,ACTIVE,Missing Documents,Potential,Required,,,,,,,,,Zone,,
,,,DAM001,,,CS018576,مؤسسة ربيع الخيرات اللمود الغذائية  2,,,,,,,2,THU,26.41551,50.00061,"310,181,248,200,003","7,029,965,881",,2025-02-24,0,,0,500.0000000,ACTIVE,Missing Documents,Potential,Required,,,,,,,,,Zone,,
,,,DAM001,,,CS018577,بقالة الاقننا الرفيع الغذائية,,,,,,,2,SUN,26.44111,50.01916,"310,695,408,200,003","2,050,091,884",,2025-02-24,0,,0,500.0000000,ACTIVE,Missing Documents,Potential,Required,,,,,,,,,Zone,,
,,,DAM001,,,CS018578,مؤسسة مها سعد التجارية,,,,,,,2,SUN,26.45980,50.01560,"300,820,103,100,003","2,056,100,436",,2025-02-24,0,,0,500.0000000,ACTIVE,Missing Documents,Potential,Required,,,,,,,,,Zone,,
,,,DAM001,,,CS018579,تموينات عبدالله يحيى محمد معشي للمواد الغذائية,,,,,,,2,WED,26.42788,49.97309,"310,376,956,100,003","2,050,126,174",,2025-02-24,0,,0,500.0000000,ACTIVE,Missing Documents,Potential,Required,,,,,,,,,Zone,,
,,,DAM001,,,CS018581,شركه سله الخير التجاريه,,,,,,,1,THU,26.38038,49.96473,"311,622,731,100,003","1,011,563,218",,2025-02-24,0,,0,500.0000000,ACTIVE,Missing Documents,Potential,Required,,,,,,,,,Zone,,
,,,DAM001,,,CS018582,مؤسسه سله العاشر للمواد الغذائيه,,,,,,,1,THU,26.38858,49.99309,"311,033,447,700,003","2,050,148,836",,2025-02-24,0,,0,500.0000000,ACTIVE,Missing Documents,Potential,Required,,,,,,,,,Zone,,
,,,DAM001,,,CS018609,اسواق سهل الخيرات,,,,,,,2,WED,26.44075,49.98697,"302,193,651,100,003","2,050,135,061",,2025-02-24,0,,0,500.0000000,ACTIVE,Missing Documents,Potential,Required,,,,,,,,,Zone,,
,,,DAM001,,,CS018610,مؤسسة مكان الجميع التجارية,,,,,,,2,WED,26.44078,49.98698,"311,876,598,800,003","2,050,120,284",,2025-02-24,0,,0,500.0000000,ACTIVE,Missing Documents,Potential,Required,,,,,,,,,Zone,,
,,,DAM001,,,CS018611,مؤسسة سلات القافلة التجارية,,,,,,,2,SAT,26.44051,50.03161,"310,852,654,100,003","440,110,287,160",,2025-02-24,0,,0,500.0000000,ACTIVE,Missing Documents,Potential,Required,,,,,,,,,Zone,,
,,,DAM001,,,CS018612,تموينات نور الغرب للمواد الغذائيه,,,,,,,2,MON,26.42037,50.02380,"310,031,669,700,003","2,050,163,914",,2025-02-24,0,,0,500.0000000,ACTIVE,Missing Documents,Potential,Required,,,,,,,,,Zone,,
,,,DAM001,,,CS018613,اسواق برج دبى الشرقيه للمواد الغذائيه,,,,,,,1,MON,26.41672,50.02919,"300,619,285,700,003","2,050,030,872",,2025-02-24,0,,0,500.0000000,ACTIVE,Missing Documents,Potential,Required,,,,,,,,,Zone,,
,,,DAM001,,,CS018618,تمويينات اطيب مشتريات,,,,,,,1,MON,26.39477,50.03587,"310,177,427,300,003","2,050,158,301",,2025-02-24,0,,0,500.0000000,ACTIVE,Missing Documents,Potential,Required,,,,,,,,,Zone,,
,,,DAM001,,,CS018642,أسواق خدمة العملاء,,,,,,,2,SAT,26.43831,50.03417,"310,033,811,800,003","2,050,219,309",,2025-02-24,0,,0,500.0000000,ACTIVE,Missing Documents,Potential,Required,,,,,,,,,Zone,,
,,,DAM001,,,CS018652,شركه شروق الفيحاء التجاريه,,,,,,,2,SAT,26.43320,50.04421,"311,361,360,500,003","2,050,072,569",,2025-02-24,0,,0,500.0000000,ACTIVE,Missing Documents,Potential,Required,,,,,,,,,Zone,,
,,,DAM001,,,CS018653,بقاله الركن التجارى للمواد الغذائيه,,,,,,,1,MON,26.41596,50.02892,"302,247,905,400,003","2,050,220,454",,2025-02-24,0,,0,500.0000000,ACTIVE,Missing Documents,Potential,Required,,,,,,,,,Zone,,
,,,DAM001,,,CS018654,تموينات فواز الضاحيه,,,,,,,1,THU,26.39026,49.98744,"305,005,330,600,003","2,050,962,826",,2025-02-24,0,,0,500.0000000,ACTIVE,Missing Documents,Potential,Required,,,,,,,,,Zone,,
,,,DAM001,,,CS018655,تموينات حمد للمواد الغذائيه,,,,,,,1,SAT,26.42974,50.04575,"310,317,168,100,003","2,050,162,019",,2025-02-24,0,,0,500.0000000,ACTIVE,Missing Documents,Potential,Required,,,,,,,,,Zone,,
,,,DAM001,,,CS018656,تموينات حمد للمواد الغذائية,,,,,,,1,SAT,26.42960,50.04579,"310,317,168,100,003","2,050,162,019",,2025-02-24,0,,0,500.0000000,ACTIVE,Missing Documents,Potential,Required,,,,,,,,,Zone,,
,,,DAM001,,,CS018657,تموينات بدور الشرقية للمواد الغذائية,,,,,,,1,MON,26.40963,50.02653,"300,589,492,700,003","7,085,631,569",,2025-02-24,0,,0,500.0000000,ACTIVE,Missing Documents,Potential,Required,,,,,,,,,Zone,,
,,,DAM001,,,CS018658,شركة دنيا القصيم للمواد الغذائية,,,,,,,1,SAT,26.41359,50.04081,"311,312,838,400,003","2,050,122,747",,2025-02-24,0,,0,500.0000000,ACTIVE,Missing Documents,Potential,Required,,,,,,,,,Zone,,
,,,DAM001,,,CS018659,مؤسسة فيحاء دمشق للمواد الغذائية,,,,,,,2,SAT,26.43695,50.03572,"300,208,758,700,003","2,050,163,465",,2025-02-24,0,,0,500.0000000,ACTIVE,Missing Documents,Potential,Required,,,,,,,,,Zone,,
,,,DAM001,,,CS018694,مؤسسة الركن الذهبى للمواد الغذائية,,,,,,,2,MON,26.41995,50.02212,"310,354,882,100,003","2,050,119,963",,2025-02-24,0,,0,500.0000000,ACTIVE,Missing Documents,Potential,Required,,,,,,,,,Zone,,
,,,DAM001,,,CS018701,مؤسسه على محمد محسن مولى الدويله المنهالى,,,,,,,1,SUN,26.39571,50.04368,"302,281,810,100,003","2,050,209,704",,2025-02-24,0,,0,500.0000000,ACTIVE,Missing Documents,Potential,Required,,,,,,,,,Zone,,
,,,DAM001,,,CS018705,شركه سله الخير التجاريه,,,,,,,1,THU,26.38117,49.96506,"311,412,426,900,003","2,050,235,576",,2025-02-24,0,,0,500.0000000,ACTIVE,Missing Documents,Potential,Required,,,,,,,,,Zone,,
,,,DAM001,,,CS018726,تموينات وصايف عادل بن مخيضر الرشيدى للمواد الغذائي,,,,,,,2,THU,26.42908,49.99970,"310,870,591,500,003","2,050,142,655",,2025-02-24,0,,0,500.0000000,ACTIVE,Missing Documents,Potential,Required,,,,,,,,,Zone,,
,,,DAM001,,,CS018727,تموينات هدو للمواد الغذائية,,,,,,,2,THU,26.41666,50.00496,"310,625,685,200,003","2,050,164,366",,2025-02-24,0,,0,500.0000000,ACTIVE,Missing Documents,Potential,Required,,,,,,,,,Zone,,
,,,DAM001,,,CS018743,شركة زارا الخليجية التجارية,,,,,,,2,MON,26.43188,50.02192,"311,321,149,800,003","2,050,115,625",,2025-02-24,0,,0,500.0000000,ACTIVE,Missing Documents,Potential,Required,,,,,,,,,Zone,,
,,,DAM001,,,CS018746,بقالة هديه عوض  1,,,,,,,1,WED,26.41219,50.00124,"310,580,080,400,003","2,050,163,595",,2025-02-24,0,,0,500.0000000,ACTIVE,Missing Documents,Potential,Required,,,,,,,,,Zone,,
,,,DAM001,,,CS018751,شركة أسواق سلة زاد الغذاء للمواد الغذائية,,,,,,,1,TUE,26.41450,50.02254,"311,231,290,500,003","1,010,617,553",,2025-02-24,0,,0,500.0000000,ACTIVE,Missing Documents,Potential,Required,,,,,,,,,Zone,,
,,,DAM001,,,CS018752,تموينات الصيعري,,,,,,,1,THU,26.40924,49.98285,"310,265,194,400,003","2,050,119,841",,2025-02-24,0,,0,500.0000000,ACTIVE,Missing Documents,Potential,Required,,,,,,,,,Zone,,
,,,DAM001,,,CS018794,شركه مزايا الاولي للخدمات التجارية  1,,,,,,,2,TUE,26.44393,50.00443,"311,005,362,800,003","2,050,063,777",,2025-02-24,0,,0,500.0000000,ACTIVE,Missing Documents,Potential,Required,,,,,,,,,Zone,,
,,,DAM001,,,CS018795,أسواق شهد الشرقيه للمواد الغذائية,,,,,,,2,TUE,26.45377,49.99817,"310,765,377,100,003","2,050,139,213",,2025-02-24,0,,0,500.0000000,ACTIVE,Missing Documents,Potential,Required,,,,,,,,,Zone,,
,,,DAM001,,,CS018796,تموينات شهد الشرق  2,,,,,,,2,TUE,26.43964,49.99769,"310,456,764,200,003","2,505,139,213",,2025-02-24,0,,0,500.0000000,ACTIVE,Missing Documents,Potential,Required,,,,,,,,,Zone,,
,,,DAM001,,,CS018817,اسواق نجمه المؤونه,,,,,,,2,WED,26.44957,49.98051,"311,401,686,100,003","5,050,161,665",,2025-02-24,0,,0,500.0000000,ACTIVE,Missing Documents,Potential,Required,,,,,,,,,Zone,,
,,,DAM001,,,CS018830,تموينات الحي الثامن,,,,,,,2,WED,26.44874,49.97740,"311,429,601,400,003","2,051,243,945",,2025-02-24,0,,0,500.0000000,ACTIVE,Missing Documents,Potential,Required,,,,,,,,,Zone,,
,,,DAM001,,,CS018831,تموينات عبدالله يحيى محمد معشي للمواد الغذائية,,,,,,,2,WED,26.43211,49.98298,"310,376,956,100,003","2,050,126,174",,2025-02-24,0,,0,500.0000000,ACTIVE,Missing Documents,Potential,Required,,,,,,,,,Zone,,
,,,DAM001,,,CS018875,شعله لينا للمواد الغذائية,,,,,,,1,WED,26.39064,50.02209,"300,477,764,900,003","2,050,150,477",,2025-02-24,0,,0,500.0000000,ACTIVE,Missing Documents,Potential,Required,,,,,,,,,Zone,,
,,,DAM001,,,CS018885,تموينات اسوان للمواد الغذائية,,,,,,,1,TUE,26.41457,50.02223,"311,521,374,400,003","2,062,619,617",,2025-02-24,0,,0,500.0000000,ACTIVE,Missing Documents,Potential,Required,,,,,,,,,Zone,,
,,,DAM001,,,CS018894,شركه ام ار اي للمواد الغذائية,,,,,,,2,SAT,26.43241,50.04335,"311,514,180,600,003","2,050,166,270",,2025-02-24,0,,0,500.0000000,ACTIVE,Missing Documents,Potential,Required,,,,,,,,,Zone,,
,,,DAM001,,,CS018895,تموينات ضاحية زيبب,,,,,,,2,WED,26.44159,49.98637,"311,521,374,400,003","2,062,619,617",,2025-02-24,0,,0,500.0000000,ACTIVE,Missing Documents,Potential,Required,,,,,,,,,Zone,,
,,,DAM001,,,CS018896,تموينات سكنه بنت صالح بن زيد الحمادي للمواد الغذائ,,,,,,,2,WED,26.44159,49.98637,"311,244,411,900,003","2,050,156,477",,2025-02-24,0,,0,500.0000000,ACTIVE,Missing Documents,Potential,Required,,,,,,,,,Zone,,
,,,DAM001,,,CS018897,تموينات قيم البركة للمواد الغذائية,,,,,,,2,WED,26.44159,49.98637,"311,406,527,600,003","2,050,210,013",,2025-02-24,0,,0,500.0000000,ACTIVE,Missing Documents,Potential,Required,,,,,,,,,Zone,,
,,,DAM001,,,CS018903,تموينات عبدالله يحيى محمد معشي للمواد الغذائية,,,,,,,2,TUE,26.43947,50.01030,"310,376,956,100,003","2,050,126,174",,2025-02-24,0,,0,500.0000000,ACTIVE,Missing Documents,Potential,Required,,,,,,,,,Zone,,
,,,DAM001,,,CS018904,بقالة دانه الربيع,,,,,,,2,TUE,26.44335,50.00972,"311,568,520,400,003","2,062,619,685",,2025-02-24,0,,0,500.0000000,ACTIVE,Missing Documents,Potential,Required,,,,,,,,,Zone,,
,,,DAM001,,,CS018914,شركة تموينات قيم البركة للمواد الغذائية,,,,,,,2,MON,26.42095,50.02674,"311,406,527,600,003","2,050,210,013",,2025-02-24,0,,0,500.0000000,ACTIVE,Missing Documents,Potential,Required,,,,,,,,,Zone,,
,,,DAM001,,,CS018915,بقالة نها عبدالرحيم بن سفر الزهراني للمواد الغذائي,,,,,,,2,WED,26.42814,49.97927,"311,067,656,100,003","2,050,150,162",,2025-02-24,0,,0,500.0000000,ACTIVE,Missing Documents,Potential,Required,,,,,,,,,Zone,,
,,,DAM001,,,CS018945,تموينات عمر جعفر سالم الصيعري للمواد الغذائية,,,,,,,1,THU,26.39285,49.99365,"310,326,084,400,003","2,050,136,918",,2025-02-24,0,,0,500.0000000,ACTIVE,Missing Documents,Potential,Required,,,,,,,,,Zone,,
,,,DAM001,,,CS018951,تموينات رعد الجنوب للمواد الغذائية,,,,,,,1,SAT,26.42489,50.04393,"310,966,206,400,003","2,050,211,766",,2025-02-24,0,,0,500.0000000,ACTIVE,Missing Documents,Potential,Required,,,,,,,,,Zone,,
,,,DAM001,,,CS018952,مؤسسة فريال ابراهيم محمد الصعنوني لتجارة الاغذية,,,,,,,1,SAT,26.42201,50.04667,"310,996,382,900,003","7,025,303,541",,2025-02-24,0,,0,500.0000000,ACTIVE,Missing Documents,Potential,Required,,,,,,,,,Zone,,
,,,DAM001,,,CS018953,بقاله رياض الإبداع,,,,,,,1,SAT,26.41721,50.05108,"300,495,673,500,003","2,050,041,763",,2025-02-24,0,,0,500.0000000,ACTIVE,Missing Documents,Potential,Required,,,,,,,,,Zone,,
,,,DAM001,,,CS018959,مؤسسه دكان العليا للمواد الغذائية,,,,,,,1,WED,26.38103,50.01038,"311,296,048,400,003","4,211,593,154",,2025-02-24,0,,0,500.0000000,ACTIVE,Missing Documents,Potential,Required,,,,,,,,,Zone,,
,,,DAM001,,,CS018969,مؤسسة صفاء علي بن عبدالله غاشي لتجارة الجملة و الت,,,,,,,2,SUN,26.46762,50.01793,"311,609,373,300,003","4,008,211,180",,2025-02-24,0,,0,500.0000000,ACTIVE,Missing Documents,Potential,Required,,,,,,,,,Zone,,
,,,DAM001,,,CS018973,بقاله هناءحسين بن محمد,,,,,,,1,TUE,26.41380,50.02017,"311,047,908,500,003","2,051,239,346",,2025-02-24,0,,0,500.0000000,ACTIVE,Missing Documents,Potential,Required,,,,,,,,,Zone,,
,,,DAM001,,,CS018974,مؤسسة سلات القافلة التجارية,,,,,,,1,WED,26.40402,50.00298,"310,852,654,100,003","1,066,319,680",,2025-02-24,0,,0,500.0000000,ACTIVE,Missing Documents,Potential,Required,,,,,,,,,Zone,,
,,,DAM001,,,CS018975,تموينات صفوة الضاحية للمواد الغذائية  1,,,,,,,1,THU,26.39183,49.99513,"302,050,521,700,003","2,050,164,602",,2025-02-24,0,,0,500.0000000,ACTIVE,Missing Documents,Potential,Required,,,,,,,,,Zone,,
,,,DAM001,,,CS018990,شركة نرجس الغذائية التجارية 15,,,,,,,1,SUN,26.41082,50.03349,"311,305,925,800,003","2,055,125,194",,2025-02-24,0,,0,500.0000000,ACTIVE,Missing Documents,Potential,Required,,,,,,,,,Zone,,
,,,DAM001,,,CS018991,موسسة حيلان  العتيبي للمواد الغذائية,,,,,,,1,SUN,26.41082,50.03349,"310,056,089,200,003","2,050,094,547",,2025-02-24,0,,0,500.0000000,ACTIVE,Missing Documents,Potential,Required,,,,,,,,,Zone,,
,,,DAM001,,,CS018992,شركة نرجس الغذائية التجارية 16,,,,,,,1,WED,26.40133,50.01716,"311,305,925,800,003","2,055,125,194",,2025-02-24,0,,0,500.0000000,ACTIVE,Missing Documents,Potential,Required,,,,,,,,,Zone,,
,,,DAM001,,,CS019006,بقالة القلعه الكبرى,,,,,,,2,THU,26.42396,49.99584,"300,822,198,900,003","2,050,091,066",,2025-02-24,0,,0,500.0000000,ACTIVE,Missing Documents,Potential,Required,,,,,,,,,Zone,,
,,,DAM001,,,CS019024,تموينات عبدالله يسلم النهدي للمواد الغذائيةيه,,,,,,,1,TUE,26.40421,50.01830,"302,154,617,200,003","2,050,113,145",,2025-02-24,0,,0,500.0000000,ACTIVE,Missing Documents,Potential,Required,,,,,,,,,Zone,,
,,,DAM001,,,CS019025,تموينات سحاب الضاحية 1,,,,,,,2,THU,26.41965,50.00455,"310,451,520,900,003","2,051,225,466",,2025-02-24,0,,0,500.0000000,ACTIVE,Missing Documents,Potential,Required,,,,,,,,,Zone,,
,,,DAM001,,,CS019028,تموينات سحاب الضاحية 2,,,,,,,2,THU,26.41958,50.00466,"310,451,520,900,003","2,051,225,466",,2025-02-24,0,,0,500.0000000,ACTIVE,Missing Documents,Potential,Required,,,,,,,,,Zone,,
,,,DAM001,,,CS019033,تموينات العنود عبدالهادي بن محمد المري للمواد الغذ,,,,,,,2,SUN,26.46708,50.01822,"310,448,819,300,003","2,050,130,168",,2025-02-24,0,,0,500.0000000,ACTIVE,Missing Documents,Potential,Required,,,,,,,,,Zone,,
,,,DAM001,,,CS019041,تموينات توفير الضاحية للمواد الغذائية,,,,,,,2,THU,26.41688,50.00058,"311,156,355,300,003","2,050,113,527",,2025-02-24,0,,0,500.0000000,ACTIVE,Missing Documents,Potential,Required,,,,,,,,,Zone,,
,,,DAM001,,,CS019042,شركه زارا الخليجية 2,,,,,,,2,MON,26.42819,50.02269,"311,321,149,800,003","2,050,115,625",,2025-02-24,0,,0,500.0000000,ACTIVE,Missing Documents,Potential,Required,,,,,,,,,Zone,,
,,,DAM001,,,CS019045,تموينات اطلاله أشرف للمواد الغذائية,,,,,,,1,SAT,26.41718,50.04536,"310,851,314,700,003","2,050,211,992",,2025-02-24,0,,0,500.0000000,ACTIVE,Missing Documents,Potential,Required,,,,,,,,,Zone,,
,,,DAM001,,,CS019046,بقالة منيف نايف المطيري,,,,,,,1,SAT,26.41893,50.04339,"310,355,230,800,003","2,051,237,894",,2025-02-24,0,,0,500.0000000,ACTIVE,Missing Documents,Potential,Required,,,,,,,,,Zone,,
,,,DAM001,,,CS019051,بقالة ريتاج عماد بن علي الزهراني للمواد الغذائية,,,,,,,1,SAT,26.42113,50.03547,"311,357,427,400,003","2,050,160,090",,2025-02-24,0,,0,500.0000000,ACTIVE,Missing Documents,Potential,Required,,,,,,,,,Zone,,
,,,DAM001,,,CS019055,مؤسسة أسواق جناين البركة المركزية التجارية,,,,,,,2,SUN,26.46680,50.01953,"302,070,829,800,003","2,050,071,080",,2025-02-24,0,,0,500.0000000,ACTIVE,Missing Documents,Potential,Required,,,,,,,,,Zone,,
,,,DAM001,,,CS019057,شركة العطاء المستمر لتجارة الجملة و التجزئة,,,,,,,2,SAT,26.43786,50.03748,"311,239,758,200,003","2,050,138,845",,2025-02-24,0,,0,500.0000000,ACTIVE,Missing Documents,Potential,Required,,,,,,,,,Zone,,
,,,DAM001,,,CS019066,موسسه عبدالعزيز ابراهيم العوفي التجاريه,,,,,,,1,MON,26.39445,50.03629,"300,826,963,200,003","2,051,228,060",,2025-02-24,0,,0,500.0000000,ACTIVE,Missing Documents,Potential,Required,,,,,,,,,Zone,,
,,,DAM001,,,CS019067,تموينات حكايه عمر,,,,,,,1,TUE,26.40925,50.02284,"311,054,550,900,003","2,051,588,221",,2025-02-24,0,,0,500.0000000,ACTIVE,Missing Documents,Potential,Required,,,,,,,,,Zone,,
,,,DAM001,,,CS019071,شركة نجمه العروبة,,,,,,,2,THU,26.42135,50.00438,"311,345,452,600,003","2,050,170,743",,2025-02-24,0,,0,500.0000000,ACTIVE,Missing Documents,Potential,Required,,,,,,,,,Zone,,
,,,DAM001,,,CS019075,مجموعه القناص الدولية للتجاره,,,,,,,1,MON,26.39695,50.03996,"300,479,584,300,003","2,050,057,170",,2025-02-24,0,,0,500.0000000,ACTIVE,Missing Documents,Potential,Required,,,,,,,,,Zone,,
,,,DAM001,,,CS019080,بقالة واحه الهدي,,,,,,,2,TUE,26.44452,49.99304,"310,254,654,600,003","7,083,423,322",,2025-02-24,0,,0,500.0000000,ACTIVE,Missing Documents,Potential,Required,,,,,,,,,Zone,,
,,,DAM001,,,CS019084,تموينات درة البهية,,,,,,,1,SAT,26.42216,50.03761,"311,437,390,700,003","2,050,163,158",,2025-02-24,0,,0,500.0000000,ACTIVE,Missing Documents,Potential,Required,,,,,,,,,Zone,,
,,,DAM001,,,CS019086,مؤسسه مدد البيان للتجارة,,,,,,,2,SUN,26.46703,50.01835,"311,440,411,400,003","1,010,835,034",,2025-02-24,0,,0,500.0000000,ACTIVE,Missing Documents,Potential,Required,,,,,,,,,Zone,,
,,,DAM001,,,CS019103,مؤسسة سله علي القحطاني للمواد الغذائية,,,,,,,1,SUN,26.40152,50.03909,"300,870,357,800,003","2,050,091,852",,2025-02-24,0,,0,500.0000000,ACTIVE,Missing Documents,Potential,Required,,,,,,,,,Zone,,
,,,DAM001,,,CS019104,بقاله حب الرمان,,,,,,,1,MON,26.41467,50.03066,"302,175,654,300,003","7,034,695,994",,2025-02-24,0,,0,500.0000000,ACTIVE,Missing Documents,Potential,Required,,,,,,,,,Zone,,
,,,DAM001,,,CS019105,بقاله ريم الرشيدي للمواد الغذائية,,,,,,,1,SUN,26.40596,50.03668,"310,994,806,700,003","2,051,236,681",,2025-02-24,0,,0,500.0000000,ACTIVE,Missing Documents,Potential,Required,,,,,,,,,Zone,,
,,,DAM001,,,CS019127,تموينات تهاني المنهالي,,,,,,,1,MON,26.41490,50.03022,"311,125,537,100,003","2,050,152,379",,2025-02-24,0,,0,500.0000000,ACTIVE,Missing Documents,Potential,Required,,,,,,,,,Zone,,
,,,DAM001,,,CS019129,مؤسسة الشوكة والملعقة للمواد الغذائية,,,,,,,1,THU,26.38893,49.99701,"302,278,284,400,003","2,050,120,284",,2025-02-24,0,,0,500.0000000,ACTIVE,Missing Documents,Potential,Required,,,,,,,,,Zone,,
,,,DAM001,,,CS019135,بقالة محمد بشر بن سعيد الصيعري للمواد الغذائية,,,,,,,1,MON,26.41687,50.02230,"310,451,520,900,003","2,050,171,144",,2025-02-24,0,,0,500.0000000,ACTIVE,Missing Documents,Potential,Required,,,,,,,,,Zone,,
,,,DAM001,,,CS019140,بقالة المشتريات للمواد الغذائية,,,,,,,1,MON,26.39475,50.03601,"310,177,427,300,003","2,050,158,301",,2025-02-24,0,,0,500.0000000,ACTIVE,Missing Documents,Potential,Required,,,,,,,,,Zone,,
,,,DAM001,,,CS019141,موسسه عبدالعزيز ابراهيم العوفي التجاريه,,,,,,,1,MON,26.39448,50.03608,"300,826,963,200,003","2,051,228,060",,2025-02-24,0,,0,500.0000000,ACTIVE,Missing Documents,Potential,Required,,,,,,,,,Zone,,
,,,DAM001,,,CS019150,تموينات واحة الدانة,,,,,,,1,SUN,26.41908,50.03129,"311,535,492,200,003","440,811,756,710",,2025-02-24,0,,0,500.0000000,ACTIVE,Missing Documents,Potential,Required,,,,,,,,,Zone,,
,,,DAM001,,,CS019162,تموينات درة العروس,,,,,,,1,TUE,26.39213,50.03694,"310,606,434,800,003","2,050,136,914",,2025-02-24,0,,0,500.0000000,ACTIVE,Missing Documents,Potential,Required,,,,,,,,,Zone,,
,,,DAM001,,,CS019163,بقاله واحه مرحبا,,,,,,,1,TUE,26.39212,50.03699,"310,166,862,900,003","2,050,656,683",,2025-02-24,0,,0,500.0000000,ACTIVE,Missing Documents,Potential,Required,,,,,,,,,Zone,,
,,,DAM001,,,CS019167,تموينات  القناص,,,,,,,1,MON,26.39582,50.03844,"310,930,006,900,003","2,050,126,913",,2025-02-24,0,,0,500.0000000,ACTIVE,Missing Documents,Potential,Required,,,,,,,,,Zone,,
,,,DAM001,,,CS019173,تموينات تغريد الخير,,,,,,,1,TUE,26.41204,50.01743,"311,299,545,200,003","2,050,158,151",,2025-02-24,0,,0,500.0000000,ACTIVE,Missing Documents,Potential,Required,,,,,,,,,Zone,,
,,,DAM001,,,CS019179,تموينات مسعود محمد ال حيدر,,,,,,,1,WED,26.39146,50.02107,"310,070,247,500,003","205,501,491",,2025-02-24,0,,0,500.0000000,ACTIVE,Missing Documents,Potential,Required,,,,,,,,,Zone,,
,,,DAM001,,,CS019181,تموينات رملة الغرب,,,,,,,2,MON,26.42328,50.02520,"310,422,677,800,003","2,050,171,757",,2025-02-24,0,,0,500.0000000,ACTIVE,Missing Documents,Potential,Required,,,,,,,,,Zone,,
,,,DAM001,,,CS019182,موسسة النور للمواد الغذائية,,,,,,,2,MON,26.41979,50.02266,"310,354,882,100,003","2,050,119,963",,2025-02-24,0,,0,500.0000000,ACTIVE,Missing Documents,Potential,Required,,,,,,,,,Zone,,
,,,DAM001,,,CS019189,شركة منافذ المستهلك للمواد الغذائية,,,,,,,2,THU,26.41959,50.00462,"311,485,221,100,003","2,050,165,073",,2025-02-24,0,,0,500.0000000,ACTIVE,Missing Documents,Potential,Required,,,,,,,,,Zone,,
,,,DAM001,,,CS019192,تموينات بحار الشرق للمواد الغذائية,,,,,,,2,WED,26.43816,49.98312,"310,339,055,800,003","2,050,149,256",,2025-02-24,0,,0,500.0000000,ACTIVE,Missing Documents,Potential,Required,,,,,,,,,Zone,,
,,,DAM001,,,CS019200,بقاله دكان بدر للمواد الغذائية,,,,,,,1,MON,26.41608,50.02509,"300,816,133,400,003","2,050,148,867",,2025-02-24,0,,0,500.0000000,ACTIVE,Missing Documents,Potential,Required,,,,,,,,,Zone,,
,,,DAM001,,,CS019204,تموينات الاقدار للمواد الغذائية,,,,,,,1,SUN,26.41872,50.02988,"311,447,442,600,003","2,063,607,361",,2025-02-24,0,,0,500.0000000,ACTIVE,Missing Documents,Potential,Required,,,,,,,,,Zone,,
,,,DAM001,,,CS019205,تموينات موزه داوود سلمان العرفه للمواد الغذائية,,,,,,,1,SUN,26.41876,50.02946,"310,331,314,700,003","2,050,123,535",,2025-02-24,0,,0,500.0000000,ACTIVE,Missing Documents,Potential,Required,,,,,,,,,Zone,,
,,,DAM001,,,CS019206,تموينات متاجر الخليج,,,,,,,1,WED,26.41213,49.99700,"311,033,976,100,003","7,025,786,455",,2025-02-24,0,,0,500.0000000,ACTIVE,Missing Documents,Potential,Required,,,,,,,,,Zone,,
,,,DAM001,,,CS019209,تموينات اريج الضاحية للمواد الغذائية,,,,,,,2,THU,26.41545,50.00025,"311,808,059,300,003","2,050,175,865",,2025-02-24,0,,0,500.0000000,ACTIVE,Missing Documents,Potential,Required,,,,,,,,,Zone,,
,,,DAM001,,,CS019211,بقالة حى بدر,,,,,,,1,MON,26.40312,50.03543,"310,727,392,500,003","41,032,618,461",,2025-02-24,0,,0,500.0000000,ACTIVE,Missing Documents,Potential,Required,,,,,,,,,Zone,,
,,,DAM001,,,CS019212,مؤسسة حنين الشرقية التجارية ٢,,,,,,,1,TUE,26.40602,50.02617,"300,802,092,100,003","3,909,202,085",,2025-02-24,0,,0,500.0000000,ACTIVE,Missing Documents,Potential,Required,,,,,,,,,Zone,,
,,,DAM001,,,CS019216,مؤسسه مقدمة الخليج للتجارة 2,,,,,,,1,SAT,26.40768,50.05932,"300,477,764,900,003","2,050,150,477",,2025-02-24,0,,0,500.0000000,ACTIVE,Missing Documents,Potential,Required,,,,,,,,,Zone,,
,,,DAM001,,,CS019217,تموينات اركان الضاحيه,,,,,,,1,THU,26.39203,49.98975,"310,464,300,600,003","2,050,140,238",,2025-02-24,0,,0,500.0000000,ACTIVE,Missing Documents,Potential,Required,,,,,,,,,Zone,,
,,,DAM001,,,CS019218,شركة اسواق سلة زاد الغذاء,,,,,,,1,MON,26.39336,50.03742,"311,231,290,500,003","1,010,617,553",,2025-02-24,0,,0,500.0000000,ACTIVE,Missing Documents,Potential,Required,,,,,,,,,Zone,,
,,,DAM001,,,CS019242,تموينات قافلة الجود للمواد الغذائيه,,,,,,,2,TUE,26.43892,50.00202,"310,980,006,900,003","2,050,168,429",,2025-02-24,0,,0,500.0000000,ACTIVE,Missing Documents,Potential,Required,,,,,,,,,Zone,,
,,,DAM001,,,CS019246,مكسرات سواعد طيبه,,,,,,,2,THU,26.41902,49.99930,"311,299,835,600,003","2,066,003,046",,2025-02-24,0,,0,500.0000000,ACTIVE,Missing Documents,Potential,Required,,,,,,,,,Zone,,
,,,DAM001,,,CS019250,تموينات الربيع الذهبي,,,,,,,1,SAT,26.40466,50.05529,"310,576,163,300,003","7,034,919,196",,2025-02-24,0,,0,500.0000000,ACTIVE,Missing Documents,Potential,Required,,,,,,,,,Zone,,
,,,DAM001,,,CS019251,تموينات اخر مدي,,,,,,,2,TUE,26.45181,49.99409,"302,165,652,500,003","2,050,144,445",,2025-02-24,0,,0,500.0000000,ACTIVE,Missing Documents,Potential,Required,,,,,,,,,Zone,,
,,,DAM001,,,CS019266,تموينات ماي استور,,,,,,,2,SAT,26.43586,50.03398,"311,231,857,800,003","2,052,102,111",,2025-02-24,0,,0,500.0000000,ACTIVE,Missing Documents,Potential,Required,,,,,,,,,Zone,,
,,,DAM001,,,CS019271,تموينات ستار هلا,,,,,,,1,SAT,26.40214,50.05020,"310,748,729,200,003","2,050,174,992",,2025-02-24,0,,0,500.0000000,ACTIVE,Missing Documents,Potential,Required,,,,,,,,,Zone,,
,,,DAM001,,,CS019272,تموينات ماي ستور,,,,,,,1,SAT,26.40938,50.05864,"311,231,857,800,003","2,052,102,111",,2025-02-24,0,,0,500.0000000,ACTIVE,Missing Documents,Potential,Required,,,,,,,,,Zone,,
,,,DAM001,,,CS019290,مؤسسة تموينات العائلة التجارية,,,,,,,2,SAT,26.43292,50.02983,"310,896,441,300,003","2,050,093,724",,2025-02-24,0,,0,500.0000000,ACTIVE,Missing Documents,Potential,Required,,,,,,,,,Zone,,
,,,DAM001,,,CS019298,شركة درع النخبة المحدودة,,,,,,,1,THU,26.38051,49.96497,"311,622,731,100,003","440,310,726,850",,2025-02-24,0,,0,500.0000000,ACTIVE,Missing Documents,Potential,Required,,,,,,,,,Zone,,
,,,DAM001,,,CS019309,نجمه التميز للوقود,,,,,,,2,TUE,26.42981,50.01192,"311,323,294,100,003","5,851,876,300",,2025-02-24,0,,0,500.0000000,ACTIVE,Missing Documents,Potential,Required,,,,,,,,,Zone,,
,,,DAM001,,,CS019310,مؤسسة معالي فرحان الشمري,,,,,,,2,SAT,26.43691,50.03020,"301,250,208,800,003","2,050,239,096",,2025-02-24,0,,0,500.0000000,ACTIVE,Missing Documents,Potential,Required,,,,,,,,,Zone,,
,,,DAM001,,,CS019315,تموينات ركاز الشرقيه,,,,,,,1,SAT,26.42982,50.04613,"300,696,666,600,003","2,050,173,867",,2025-02-24,0,,0,500.0000000,ACTIVE,Missing Documents,Potential,Required,,,,,,,,,Zone,,
,,,DAM001,,,CS019319,تموينات رواد المدينة للمواد الغذائية,,,,,,,2,TUE,26.43386,50.00411,"311,687,716,400,003","2,050,179,264",,2025-02-24,0,,0,500.0000000,ACTIVE,Missing Documents,Potential,Required,,,,,,,,,Zone,,
,,,DAM001,,,CS019324,تموينات سلة العاشر,,,,,,,1,THU,26.38839,49.99299,"311,033,447,700,003","2,050,148,836",,2025-02-24,0,,0,500.0000000,ACTIVE,Missing Documents,Potential,Required,,,,,,,,,Zone,,
,,,DAM001,,,CS019327,بقالة صفاء صالح الزهراني,,,,,,,2,THU,26.42858,49.99561,"310,892,088,300,003","2,050,143,467",,2025-02-24,0,,0,500.0000000,ACTIVE,Missing Documents,Potential,Required,,,,,,,,,Zone,,
,,,DAM001,,,CS019338,مؤسسة بضائع المستهلك التجاريه,,,,,,,1,SUN,26.41979,50.03276,"310,097,159,100,003","2,063,605,720",,2025-02-24,0,,0,500.0000000,ACTIVE,Missing Documents,Potential,Required,,,,,,,,,Zone,,
,,,DAM001,,,CS019339,محل النجمة الرائعة للمواد الغذائية,,,,,,,1,SUN,26.41915,50.03152,"310,335,976,800,003","2,050,135,742",,2025-02-24,0,,0,500.0000000,ACTIVE,Missing Documents,Potential,Required,,,,,,,,,Zone,,
,,,DAM001,,,CS019358,نجمة الغدير 2,,,,,,,2,MON,26.42206,50.01981,"311,321,891,500,003","2,062,033,203",,2025-02-24,0,,0,500.0000000,ACTIVE,Missing Documents,Potential,Required,,,,,,,,,Zone,,
,,,DAM001,,,CS019364,بقالة الاصناف الجيدة للتجارة,,,,,,,2,MON,26.42582,50.01798,"311,947,147,900,003","2,050,180,081",,2025-02-24,0,,0,500.0000000,ACTIVE,Missing Documents,Potential,Required,,,,,,,,,Zone,,
,,,DAM001,,,CS019365,تموينات حياة العافيه للمواد الغذائيه,,,,,,,2,TUE,26.42865,50.01710,"310,799,376,400,003","2,050,173,840",,2025-02-24,0,,0,500.0000000,ACTIVE,Missing Documents,Potential,Required,,,,,,,,,Zone,,
,,,DAM001,,,CS019366,تموينات سحاب الشتاء للمواد الغذائية,,,,,,,1,TUE,26.40936,50.02259,"310,284,334,700,003","1,012,102,150",,2025-02-24,0,,0,500.0000000,ACTIVE,Missing Documents,Potential,Required,,,,,,,,,Zone,,
,,,DAM001,,,CS019369,سلمان الخالدي نور الزاد,,,,,,,2,MON,26.42621,50.02346,"310,951,510,600,003","2,050,112,948",,2025-02-24,0,,0,500.0000000,ACTIVE,Missing Documents,Potential,Required,,,,,,,,,Zone,,
,,,DAM001,,,CS019370,اسواق واجهة الحي,,,,,,,1,SUN,26.41476,50.03402,"310,272,107,300,003","2,050,128,242",,2025-02-24,0,,0,500.0000000,ACTIVE,Missing Documents,Potential,Required,,,,,,,,,Zone,,
,,,DAM001,,,CS019373,تموينات التاج الشرقي للمواد الغذائية,,,,,,,1,WED,26.39719,50.01719,"310,496,696,600,003","2,050,139,572",,2025-02-24,0,,0,500.0000000,ACTIVE,Missing Documents,Potential,Required,,,,,,,,,Zone,,
,,,DAM001,,,CS019375,تحكم الخليج المحدودة,,,,,,,1,WED,26.40655,50.01405,"311,137,161,500,003","2,050,178,305",,2025-02-24,0,,0,500.0000000,ACTIVE,Missing Documents,Potential,Required,,,,,,,,,Zone,,
,,,DAM001,,,CS019377,تموينات واحة الاوفياء للمواد الغذائية,,,,,,,1,SUN,26.39916,50.04469,"302,209,877,100,003","2,050,218,805",,2025-02-24,0,,0,500.0000000,ACTIVE,Missing Documents,Potential,Required,,,,,,,,,Zone,,
,,,DAM001,,,CS019380,مؤسسة سهل الخيرات التجارية ٢,,,,,,,2,TUE,26.45254,49.99940,"302,193,651,100,003","2,050,135,061",,2025-02-24,0,,0,500.0000000,ACTIVE,Missing Documents,Potential,Required,,,,,,,,,Zone,,
,,,DAM001,,,CS019407,تموينات منافذ الخير,,,,,,,1,WED,26.41214,50.01428,"311,266,915,600,003","2,050,157,175",,2025-02-24,0,,0,500.0000000,ACTIVE,Missing Documents,Potential,Required,,,,,,,,,Zone,,
,,,DAM001,,,CS019408,تموينات هماليل,,,,,,,1,SUN,26.42080,50.03358,"311,569,162,900,003","2,050,147,598",,2025-02-24,0,,0,500.0000000,ACTIVE,Missing Documents,Potential,Required,,,,,,,,,Zone,,
,,,DAM001,,,CS019415,شركة شاهين اليمن,,,,,,,1,MON,26.41149,50.02584,"311,280,705,700,003","2,050,115,343",,2025-02-24,0,,0,500.0000000,ACTIVE,Missing Documents,Potential,Required,,,,,,,,,Zone,,
,,,DAM001,,,CS019417,شركة مكان الجميع التجارية 2,,,,,,,1,THU,26.38877,49.99688,"311,876,598,800,003","2,031,102,317",,2025-02-24,0,,0,500.0000000,ACTIVE,Missing Documents,Potential,Required,,,,,,,,,Zone,,
,,,DAM001,,,CS019418,تموينات دكان زادي,,,,,,,1,THU,26.38672,49.98529,"311,814,598,500,003","2,050,169,861",,2025-02-24,0,,0,500.0000000,ACTIVE,Missing Documents,Potential,Required,,,,,,,,,Zone,,
,,,DAM001,,,CS019460,تموينات موضي بريعيص,,,,,,,2,SAT,26.43333,50.04575,"301,321,559,200,003","2,050,168,233",,2025-02-24,0,,0,500.0000000,ACTIVE,Missing Documents,Potential,Required,,,,,,,,,Zone,,
,,,DAM001,,,CS019461,تموينات دكان غلا للمواد الغذائية,,,,,,,2,SAT,26.43199,50.04530,"310,979,600,200,003","7,009,283,735",,2025-02-24,0,,0,500.0000000,ACTIVE,Missing Documents,Potential,Required,,,,,,,,,Zone,,
,,,DAM001,,,CS019464,تموينات ارمادا الشرق,,,,,,,1,SAT,26.40901,50.05802,"311,257,990,400,003","2,050,241,052",,2025-02-24,0,,0,500.0000000,ACTIVE,Missing Documents,Potential,Required,,,,,,,,,Zone,,
,,,DAM001,,,CS019467,بقالة ريف الاوحام التجارية,,,,,,,2,SUN,26.44677,50.02673,"310,659,418,900,003","7,017,607,974",,2025-02-24,0,,0,500.0000000,ACTIVE,Missing Documents,Potential,Required,,,,,,,,,Zone,,
,,,DAM001,,,CS019468,اسواق دبل فور التجارية,,,,,,,2,SUN,26.44433,50.02923,"310,696,839,400,003","2,050,168,255",,2025-02-24,0,,0,500.0000000,ACTIVE,Missing Documents,Potential,Required,,,,,,,,,Zone,,
,,,DAM001,,,CS019469,موسسة كنوز العادل,,,,,,,2,MON,26.42346,50.03164,"302,017,609,400,003","2,050,161,812",,2025-02-24,0,,0,500.0000000,ACTIVE,Missing Documents,Potential,Required,,,,,,,,,Zone,,
,,,DAM001,,,CS019470,تموينات بداية المطاف,,,,,,,2,THU,26.41547,50.00032,"310,106,502,100,003","7,038,098,864",,2025-02-24,0,,0,500.0000000,ACTIVE,Missing Documents,Potential,Required,,,,,,,,,Zone,,
,,,DAM001,,,CS019471,موسسة متاجر اضواء المستهلك,,,,,,,1,MON,26.42029,50.02658,"310,375,455,100,003","2,050,156,780",,2025-02-24,0,,0,500.0000000,ACTIVE,Missing Documents,Potential,Required,,,,,,,,,Zone,,
,,,DAM001,,,CS019473,اهل الفريج,,,,,,,2,MON,26.43238,50.02107,"310,908,357,100,003","2,050,144,181",,2025-02-24,0,,0,500.0000000,ACTIVE,Missing Documents,Potential,Required,,,,,,,,,Zone,,
,,,DAM001,,,CS019505,موسسة واو المتطورة لتقنية,,,,,,,2,SUN,26.46325,50.01219,"311,946,586,500,003","2,062,620,101",,2025-02-24,0,,0,500.0000000,ACTIVE,Missing Documents,Potential,Required,,,,,,,,,Zone,,
,,,DAM001,,,CS019556,شركة مكان الجميع التجارية,,,,,,,1,TUE,26.41491,50.02224,"300,798,969,200,003","7,016,159,720",,2025-02-24,0,,0,500.0000000,ACTIVE,Missing Documents,Potential,Required,,,,,,,,,Zone,,
,,,DAM001,,,CS019557,متاجر اضواء المستهلك,,,,,,,1,MON,26.42026,50.02670,"310,375,455,100,003","2,050,156,780",,2025-02-24,0,,0,500.0000000,ACTIVE,Missing Documents,Potential,Required,,,,,,,,,Zone,,
,,,DAM001,,,CS019565,اسواق سلال العز التجارية 2,,,,,,,1,THU,26.38749,49.99396,"311,357,447,100,003","2,050,177,278",,2025-02-24,0,,0,500.0000000,ACTIVE,Missing Documents,Potential,Required,,,,,,,,,Zone,,
,,,DAM001,,,CS019572,تموينات ربوع البركه,,,,,,,2,THU,26.41653,50.00532,"312,083,908,600,003","7,038,465,592",,2025-02-24,0,,0,500.0000000,ACTIVE,Missing Documents,Potential,Required,,,,,,,,,Zone,,
,,,DAM001,,,CS019573,تموينات سلة وريف,,,,,,,2,TUE,26.43633,50.00557,"310,226,923,400,003","7,037,014,912",,2025-02-24,0,,0,500.0000000,ACTIVE,Missing Documents,Potential,Required,,,,,,,,,Zone,,
,,,DAM001,,,CS019577,موسسة فهد علي بن كرامه المنهالي,,,,,,,1,SUN,26.39928,50.04175,"310,375,455,100,003","7,015,257,855",,2025-02-24,0,,0,500.0000000,ACTIVE,Missing Documents,Potential,Required,,,,,,,,,Zone,,
,,,DAM001,,,CS019578,تموينات زاد و لبن,,,,,,,1,WED,26.41184,50.00413,"311,651,271,100,003","7,034,880,539",,2025-02-24,0,,0,500.0000000,ACTIVE,Missing Documents,Potential,Required,,,,,,,,,Zone,,
,,,DAM001,,,CS019590,أسواق الفتح 2,,,,,,,1,THU,26.38641,49.96938,"311,970,579,400,003","2,050,180,051",,2025-02-24,0,,0,500.0000000,ACTIVE,Missing Documents,Potential,Required,,,,,,,,,Zone,,
,,,DAM001,,,CS019592,مؤسسة نخلة الضاحيه التجاريه,,,,,,,1,THU,26.38588,49.97267,"311,964,880,500,003","2,050,179,894",,2025-02-24,0,,0,500.0000000,ACTIVE,Missing Documents,Potential,Required,,,,,,,,,Zone,,
,,,DAM001,,,CS019609,تموينات قمر ونجوم,,,,,,,1,SAT,26.43173,50.04987,"311,031,775,600,003","2,050,148,763",,2025-02-24,0,,0,500.0000000,ACTIVE,Missing Documents,Potential,Required,,,,,,,,,Zone,,
,,,DAM001,,,CS019648,تموينات أجمل زهرة,,,,,,,1,THU,26.39323,49.99281,"311,265,498,200,003","7,037,681,181",,2025-02-24,0,,0,500.0000000,ACTIVE,Missing Documents,Potential,Required,,,,,,,,,Zone,,
,,,DAM001,,,CS019649,تموينات قيم البركة 3,,,,,,,1,WED,26.40703,50.01547,"311,406,527,600,003","7,012,962,051",,2025-02-24,0,,0,500.0000000,ACTIVE,Missing Documents,Potential,Required,,,,,,,,,Zone,,
,,,DAM001,,,CS019655,شركة بندري الخليج التجاريه 2,,,,,,,1,MON,26.40203,50.03546,"311,205,264,900,003","2,050,213,053",,2025-02-24,0,,0,500.0000000,ACTIVE,Missing Documents,Potential,Required,,,,,,,,,Zone,,
,,,DAM001,,,CS019656,شركة نخلة الدوحة للتجارة 2,,,,,,,2,SAT,26.42723,50.03686,"311,502,284,200,003","2,052,103,919",,2025-02-24,0,,0,500.0000000,ACTIVE,Missing Documents,Potential,Required,,,,,,,,,Zone,,
,,,DAM001,,,CS019667,موسسة مدد البيان للتجارة,,,,,,,2,SUN,26.46710,50.01824,"311,440,411,400,003","7,031,369,106",,2025-02-24,0,,0,500.0000000,ACTIVE,Missing Documents,Potential,Required,,,,,,,,,Zone,,
,,,DAM001,,,CS019675,تموينات التوفير للمواد الغذائيه,,,,,,,2,SAT,26.43841,50.02843,"311,917,055,600,003","2,050,161,928",,2025-02-24,0,,0,500.0000000,ACTIVE,Missing Documents,Potential,Required,,,,,,,,,Zone,,
